rank,state,livability_score,Cost_of_Living_Index_2025,Top_State_Income_Tax_Rate,unemployment_rate,employment_rate,avg_weekly_earnings,violent_crime_rate_per_100k,cost_good,crime_good,tax_good,unemp_good,employ_good,wage_good
1,North Dakota,0.7755629496621925,91.4,2.5,2.618181818181818,67.73636363636363,1219.6299999999999,19.645,0.9454545454545454,0.7349287169042771,0.8120300751879699,0.8193717277486912,1.0,0.47952251370432786
2,New Hampshire,0.7212368877037687,111.4,0.0,3.1090909090909093,63.5,1177.3991666666668,9.561666666666667,0.7434343434343433,0.9813645621181263,1.0,0.6780104712041886,0.7284382284382286,0.3929542073013451
3,South Dakota,0.701971757524522,91.9,0.0,1.9909090909090912,67.22727272727273,1030.8125,27.560833333333335,0.9404040404040404,0.5414663951120162,1.0,1.0,0.9673659673659679,0.09246855563470377
4,Nebraska,0.680410006024087,92.6,5.2,3.027272727272727,67.58181818181818,1096.4716666666666,18.393333333333334,0.9333333333333333,0.7655193482688392,0.6090225563909775,0.7015706806282724,0.99009324009324,0.22706222593478953
5,Washington,0.6789799285258046,114.1,0.0,4.609090909090909,59.60909090909092,1473.5358333333334,23.808333333333334,0.7161616161616162,0.6331771894093687,1.0,0.24607329842931935,0.4790209790209797,1.0
6,Connecticut,0.6762391811438387,112.7,6.99,3.9454545454545453,61.945454545454545,1315.1883333333333,8.799166666666666,0.7303030303030302,1.0,0.4744360902255639,0.4371727748691101,0.6287878787878789,0.6754060051349591
7,Minnesota,0.6756090059755311,94.6,9.85,3.7545454545454544,65.65454545454544,1290.9116666666666,18.6125,0.9131313131313132,0.7601629327902241,0.2593984962406015,0.4921465968586388,0.8665501165501158,0.6256416563745409
8,Utah,0.6692296415359021,102.2,4.55,3.409090909090909,65.7,1182.4475,18.661666666666665,0.8363636363636363,0.7589613034623218,0.6578947368421053,0.5916230366492148,0.8694638694638698,0.4033027046510157
9,Virginia,0.6655042991111296,100.8,5.75,3.5545454545454547,62.46363636363637,1244.1375,17.051666666666666,0.8505050505050505,0.7983095723014257,0.5676691729323309,0.549738219895288,0.6620046620046625,0.529760044004175
10,Wyoming,0.6651412002655411,93.7,0.0,3.3909090909090907,59.7,1126.345,15.2425,0.9222222222222222,0.8425254582484725,1.0,0.5968586387434556,0.4848484848484852,0.2882990917305974
11,Texas,0.6442883164175457,92.1,0.0,4.1454545454545455,62.21818181818182,1249.7075,28.876666666666665,0.9383838383838384,0.509307535641548,1.0,0.3795811518324608,0.6462703962703964,0.5411778974682224
12,Vermont,0.6384507834184541,113.6,8.75,2.6363636363636362,62.73636363636364,1186.8174999999999,17.615,0.7212121212121212,0.784541751527495,0.3421052631578948,0.8141361256544504,0.67948717948718,0.4122606974046758
13,Colorado,0.6276973108796787,102.7,4.4,4.281818181818182,64.48181818181818,1314.5375000000001,,0.8313131313131312,,0.6691729323308271,0.3403141361256544,0.7913752913752916,0.6740718723468953
14,Wisconsin,0.6122996389228953,97.7,7.65,3.2363636363636363,62.72727272727273,1128.6775,19.695833333333333,0.8818181818181818,0.7336863543788188,0.424812030075188,0.6413612565445027,0.678904428904429,0.29308044598641264
15,Georgia,0.5839423047823211,92.5,5.39,3.5181818181818185,58.64545454545455,1200.1108333333334,,0.9343434343434344,,0.5947368421052632,0.5602094240837696,0.4172494172494176,0.439510487718633
16,Rhode Island,0.5816812555998323,110.6,5.99,4.690909090909091,60.73636363636364,1219.0,12.209166666666667,0.7515151515151516,0.9166598778004074,0.5496240601503759,0.2225130890052356,0.5512820512820518,0.4782310868313748
17,Pennsylvania,0.5754819573508,97.2,3.07,4.1000000000000005,59.01818181818182,1123.7716666666668,18.958333333333332,0.8868686868686868,0.7517107942973524,0.7691729323308271,0.39267015706806274,0.4411421911421916,0.2830240570961004
18,Illinois,0.5737690506751949,94.7,4.95,4.7,61.209090909090904,1182.4225,20.05666666666667,0.9121212121212121,0.7248676171079429,0.6278195488721805,0.2198952879581152,0.5815850815850814,0.40325145755288244
19,Alaska,0.5737392653741994,124.9,0.0,4.790909090909091,62.345454545454544,1315.9316666666666,,0.6070707070707071,,1.0,0.19371727748691103,0.6544289044289044,0.6769297521861156
20,Iowa,0.5736445240728402,89.7,3.8,3.627272727272727,65.01818181818182,1042.0625,,0.9626262626262626,,0.7142857142857143,0.5287958115183248,0.8257575757575757,0.11552974979458447
21,Indiana,0.5728730755988565,91.0,3.0,3.6363636363636362,61.35454545454545,1096.3733333333332,,0.9494949494949495,,0.7744360902255639,0.5261780104712043,0.5909090909090909,0.22686065401546607
22,Idaho,0.571906661844068,99.9,5.695,3.690909090909091,61.03636363636363,1190.7275,,0.8595959595959596,,0.5718045112781955,0.5104712041884818,0.5705128205128204,0.4202757435526879
23,Alabama,0.566764320108637,88.6,5.0,2.9272727272727277,56.14545454545455,1112.7741666666666,,0.9737373737373738,,0.6240601503759399,0.7303664921465969,0.25699300699300737,0.2604804586273633
24,Kansas,0.562839482017387,88.8,5.58,3.8363636363636364,64.66363636363636,1073.8275,,0.9717171717171718,,0.5804511278195489,0.46858638743455505,0.8030303030303028,0.18064431268246114
25,Oklahoma,0.5558430945769982,86.0,4.75,3.3454545454545452,60.709090909090904,1090.1766666666667,34.097500000000004,1.0,0.3817107942973522,0.6428571428571428,0.6099476439790577,0.5495337995337993,0.21415820662488325
26,Maryland,0.5557276915017668,115.4,5.75,3.6727272727272724,62.24545454545455,1202.49,,0.7030303030303029,,0.5676691729323309,0.5157068062827227,0.6480186480186484,0.44438750322429654
27,Florida,0.5495118658621079,102.2,0.0,3.9818181818181824,55.527272727272724,1183.8275,,0.8363636363636363,,1.0,0.4267015706806282,0.21736596736596733,0.4061315444679613
28,Montana,0.5448127142574378,95.5,5.9,3.0545454545454547,60.45454545454545,1091.6066666666668,33.405833333333334,0.9040404040404041,0.3986150712830957,0.5563909774436091,0.693717277486911,0.5332167832167833,0.21708954063809488
29,Massachusetts,0.5444267909172189,141.2,9.0,4.790909090909091,63.53636363636363,1415.7591666666667,25.36916666666667,0.4424242424242425,0.5950305498981671,0.32330827067669177,0.19371727748691103,0.7307692307692306,0.8815645397412706
30,North Carolina,0.5437500302591719,97.8,4.25,3.772727272727273,57.2,1150.0191666666667,27.246666666666666,0.8808080808080808,0.5491446028513239,0.6804511278195489,0.4869109947643979,0.32459207459207495,0.33682838542600857
31,Ohio,0.5338248729147561,94.3,3.5,4.818181818181818,59.527272727272724,1135.5966666666666,22.665000000000003,0.9161616161616162,0.6611201629327902,0.736842105263158,0.18586387434554974,0.4737762237762237,0.3072639345130413
32,Arizona,0.5315113294364763,110.7,2.5,4.218181818181818,59.18181818181818,1204.6858333333332,30.916666666666668,0.7505050505050505,0.45945010183299395,0.8120300751879699,0.3586387434554975,0.4516317016317017,0.4488887066769841
33,New Jersey,0.5239363372852291,115.1,10.75,5.0636363636363635,60.50909090909091,1277.6641666666667,16.358333333333334,0.706060606060606,0.815254582484725,0.19172932330827075,0.11518324607329855,0.5367132867132868,0.5984858190738283
34,Missouri,0.5107151282067524,89.0,4.7,4.072727272727272,61.18181818181818,1080.3774999999998,34.31666666666667,0.9696969696969697,0.37635437881873723,0.6466165413533835,0.40052356020942426,0.5798368298368298,0.19407105239332445
35,Tennessee,0.5096248340038168,90.3,0.0,3.5727272727272723,57.99090909090909,1073.1308333333334,41.56916666666667,0.9565656565656566,0.1991038696537678,1.0,0.5445026178010473,0.3752913752913755,0.17921622688115288
36,Mississippi,0.4959583103560677,87.3,4.4,3.9,53.63636363636363,991.8033333333333,18.72583333333333,0.9868686868686869,0.7573930753564155,0.6691729323308271,0.4502617801047122,0.09615384615384615,0.012504291944468459
37,Arkansas,0.4857171001750261,89.6,3.9,3.972727272727273,56.32727272727273,1036.2558333333334,,0.9636363636363637,,0.7067669172932332,0.4293193717277487,0.2686480186480189,0.10362675713487726
38,West Virginia,0.4827481159343321,88.3,4.82,4.118181818181818,52.13636363636363,1049.8225,21.305833333333336,0.9767676767676768,0.6943380855397148,0.6375939849624059,0.38743455497382207,0.0,0.13143684905508882
39,Maine,0.4815029067497238,113.0,7.15,3.309090909090909,57.88181818181818,1083.1291666666666,,0.7272727272727273,,0.46240601503759393,0.6204188481675393,0.36829836829836854,0.19971164966117105
40,Louisiana,0.4753920252964273,92.3,3.0,4.372727272727273,55.54545454545455,1069.76,,0.9363636363636364,,0.7744360902255639,0.31413612565445026,0.2185314685314688,0.17230640981621073
41,Oregon,0.4735948347379889,111.8,9.9,5.054545454545455,59.75454545454545,1244.9841666666666,26.2075,0.7393939393939395,0.574541751527495,0.2556390977443609,0.11780104712041883,0.48834498834498824,0.5314956123942813
42,Nevada,0.4727165651662944,100.2,0.0,5.372727272727273,59.790909090909096,1104.6033333333332,30.578333333333333,0.8565656565656565,0.4677189409368636,1.0,0.02617801047120416,0.4906759906759912,0.24373119872087215
43,Michigan,0.44706133448597274,90.1,4.25,5.290909090909091,58.209090909090904,1131.51,34.740833333333335,0.9585858585858587,0.3659877800407332,0.6804511278195489,0.04973821989528804,0.3892773892773891,0.2988867422048892
44,Kentucky,0.4391703033698463,92.5,4.0,4.781818181818182,55.50909090909091,1054.6483333333333,,0.9343434343434344,,0.6992481203007519,0.19633507853403132,0.21620046620046632,0.1413292472313754
45,South Carolina,0.43877358347426393,94.7,6.2,4.4363636363636365,55.4,1092.6991666666665,32.3575,0.9121212121212121,0.42423625254582487,0.5338345864661654,0.2958115183246074,0.2092074592074593,0.21932903882650945
46,New York,0.4327555815760815,125.1,10.9,4.263636363636364,58.48181818181818,1280.03,38.36,0.6050505050505051,0.2775356415478616,0.18045112781954886,0.3455497382198953,0.40675990675990664,0.6033355027938209
47,Hawaii,0.42887395636474146,185.0,11.0,2.5818181818181816,58.92727272727273,1251.73,,0.0,,0.17293233082706772,0.829842931937173,0.43531468531468565,0.5453237877071877
48,Delaware,0.4285781123770072,101.9,6.6,4.527272727272727,56.56363636363637,1069.3741666666667,,0.8393939393939394,,0.5037593984962406,0.26963350785340323,0.2837995337995344,0.1715154962683572
49,California,0.4034006307677598,142.3,13.3,5.463636363636364,59.027272727272724,1371.825,,0.4313131313131312,,0.0,0.0,0.44172494172494164,0.7915045977188209
50,New Mexico,0.32410397202075353,93.7,5.9,4.3,55.21818181818182,985.7033333333334,49.715833333333336,0.9222222222222222,0.0,0.5563909774436091,0.33507853403141374,0.19755244755244777,0.0
